<?xml version="1.0" encoding="UTF-8"?>
<beans xmlns="http://www.springframework.org/schema/beans"
       xmlns:xsi="http://www.w3.org/2001/XMLSchema-instance"
       xsi:schemaLocation="http://www.springframework.org/schema/beans http://www.springframework.org/schema/beans/spring-beans-2.5.xsd"
       default-init-method="init">

<!-- CONFIGURACION DE ENTORNO -->           

    <bean id = "dataSourceTanque" parent="dataSourceTanquePROD" />
    <bean id = "dataSource"       parent="dataSourcePROD" />
    <bean id = "dataRaw"          parent="dataRawPROD" />
    <bean id = "sfb"              parent="sfbPROD" />

<!-- FAMILIA DE DATASOURCES -->
    <!-- No abstraemos propiedades comunes porque pueden variar mucho -->

    <bean id = "dataSourceTanqueQA"  class="org.springframework.jdbc.datasource.SingleConnectionDataSource">
        <property name="driverClassName" value="com.microsoft.jdbc.sqlserver.SQLServerDriver" />
        <property name="url"      value="jdbc:microsoft:sqlserver://129.100.92.89:1433;databaseName=Datanet" />
        <property name="username" value="bpdatanet" />
        <property name="password" value="Bpdatanet" />
    </bean>
    
    <bean id = "dataSourceTanquePROD"  class="org.springframework.jdbc.datasource.SingleConnectionDataSource">
        <property name="driverClassName" value="com.microsoft.jdbc.sqlserver.SQLServerDriver" />
        <property name="url"      value="jdbc:microsoft:sqlserver://129.100.92.47:1433;databaseName=Datanet" />
        <property name="username" value="usrSIBANK" />
        <property name="password" value="OpRZ8621" />
    </bean>    
    
    <bean id = "dataSourceHOME"  class="org.springframework.jdbc.datasource.SingleConnectionDataSource">
        <property name="driverClassName" value="com.mysql.jdbc.Driver" />
        <property name="url"      value="jdbc:mysql://192.168.0.102/sibank" />
        <property name="username" value="" />
        <property name="password" value="" />
    </bean>    

    <bean id = "dataSourceTEST"  class="org.springframework.jdbc.datasource.SingleConnectionDataSource">
        <property name="driverClassName" value="com.mysql.jdbc.Driver" />
        <property name="url"      value="jdbc:mysql://172.29.32.29/sibankdev" />
        <property name="username" value="" />
        <property name="password" value="" />
    </bean>

    <bean id = "dataSourceQA"  class="org.springframework.jdbc.datasource.SingleConnectionDataSource">
        <property name="driverClassName" value="com.mysql.jdbc.Driver" />
        <property name="url"      value="jdbc:mysql://129.100.92.233/sibank" />
        <property name="username" value="" />
        <property name="password" value="" />
    </bean>
    
    <bean id = "dataSourcePROD"  class="org.springframework.jdbc.datasource.SingleConnectionDataSource">
        <property name="driverClassName" value="com.mysql.jdbc.Driver" />
        <property name="url"      value="jdbc:mysql://129.100.92.213/sibank" />
        <property name="username" value="" />
        <property name="password" value="" />
    </bean>    
    
    
<!-- FAMILIA DE DAOS: USAN DATASOURCE Y JDBC TEMPLATE -->
    <bean id = "baseDao" abstract="true">
        <property name="jdbcTemplate">
            <bean class="org.springframework.jdbc.core.JdbcTemplate">
                <property name="dataSource" ref="dataSource" />
                <property name="exceptionTranslator">
                    <bean class="com.sofin.sibank.spring.MySQLExceptionTranslator">
                        <property name="dataSource" ref="dataSource" />
                    </bean>
                </property>
            </bean>
        </property>
    </bean>

    <bean id = "msgerrDao"      parent="baseDao" class="com.sofin.sibank.sfb.MsgerrDao" />
    <bean id = "tsibank2Dao"    parent="baseDao" class="com.sofin.sibank.sfb.Tsibank2Dao" />
    <bean id = "trackingDao"    parent="baseDao" class="com.sofin.sibank.sfb.TrackingDao" />
    <bean id = "logDao"         parent="baseDao" class="com.sofin.sibank.sfb.LogDao" />
    <bean id = "secuenciaSfbDao"  parent="baseDao"  class="com.sofin.sibank.sfb.SecuenciaSfbDao" />
    <bean id = "tsibankMonDao"  parent="baseDao"  class="com.sofin.sibank.monitor.TsibankMonDao" />
    <bean id = "dpkeyDao"       parent="baseDao"  class="com.sofin.sibank.db.DpkeyDao" />

    <bean id = "ctaCteSfbDao" class="com.sofin.sibank.sfb.CtaCteSfbDao">
        <property name="dataSource" ref="dataSourceTanque" />
    </bean>

    <bean id = "cajaAhorroSfbDao" class="com.sofin.sibank.sfb.CajaAhorroSfbDao">
        <property name="dataSource" ref="dataSourceTanque" />
    </bean>
        
        
<!-- FAMILIA DE DB: USAN JDBC CRUDO Y GESTIONAN CONEXION MANUALMENTE -->
    <bean id = "baseDataRaw"       abstract="true"  >
        <property name="DB_DRIVER" value="com.mysql.jdbc.Driver" />
        <property name="DB_USER"   value="" />
        <property name="DB_PASS"   value="" />
    </bean>    
    
    <bean id = "dataRawQA"   parent="baseDataRaw">
        <property name="DB_URL"    value="jdbc:mysql://129.100.92.233/sibank" />
    </bean>        
    
    <bean id = "dataRawPROD" parent="baseDataRaw">
        <property name="DB_URL"    value="jdbc:mysql://129.100.92.213/sibank" />
    </bean>

    <bean id = "dataRawHOME" parent="baseDataRaw">
        <property name="DB_URL"    value="jdbc:mysql://192.168.0.102/sibank" />
    </bean>


    <bean id = "tsibankDB" parent="dataRaw" class="com.sofin.sibank.db.TsibankDB"/>           

<!-- APLICACIONES -->

    <bean id = "monitorUI"   class="com.sofin.sibank.monitor.MonitorUI">
        <property name="db"   ref="tsibankMonDao" />
        <property name="trackingDao" ref="trackingDao"/>
        <property name="verMensajesSfb"   value="true" />
    </bean>

    <bean id = "clavesUI"   class="com.sofin.sibank.claves.ClavesUI">
        <property name="db"   ref="dpkeyDao" />
    </bean>

<!-- TRANSACCIONES CICS -->
    <bean id = "dpre" class="com.sofin.sibank.cics.Dpre">
        <!-- CONFIGURABLE -->
        <property name="horaCierreAfip" value="183000"/> <!-- DPRE -->
        <property name="horaCierreGral" value="183000"/> <!-- DPRE -->       
        <property name="port"  value="1644" />
        <property name="wait"  value="10" />        
        <!-- NO MODIFICAR -->
        <property name="autorizador" ref="sfb"/>
        <property name="dpir"      ref="dpir"/>
        <property name="logDao"    ref="logDao"/>
        <property name="tsibankDB" ref="tsibankDB"/>
    </bean>

    <bean id = "dpreTest" parent="dpre">
        <property name="testing" value="true"/>
    </bean>

    <bean id = "dpir" class="com.sofin.sibank.cics.Dpir">
        <!-- CONFIGURABLE -->
        <property name="horaCierreAfip" value="183000"/>  <!-- DPIR -->
        <property name="horaCierreGral" value="183000"/>  <!-- DPIR -->
        <!-- NO MODIFICAR -->
	<property name="autorizador" ref="sfb"/>        
        <property name="tsibankDB" ref="tsibankDB"/>
        <property name="dpkeyDao"   ref="dpkeyDao"/>
        <property name="dpse"      ref="dpse"/>
    </bean>

    <bean id = "dpirTest" parent="dpir">
        <property name="testing"   value="true"/>
        <!-- <property name="autorizador" ref="sibiiDpre"/> -->
        <property name="autorizador" ref="sfb"/>
    </bean>

    <bean id = "dpex" class="com.sofin.sibank.cics.Dpex">
        <property name="wait"      value="300" />
        <!-- <property name="autorizador" ref="sibiiDpex"/> -->
    </bean>

    <bean id = "dpexSfb" class="com.sofin.sibank.sfb.DpexSfb">
        <property name="wait"       value="300" />
        <property name="dao_ca"     ref="cajaAhorroSfbDao"/>
        <property name="dao_cc"     ref="ctaCteSfbDao"/>
        <property name="dao_seq"    ref="secuenciaSfbDao"/>
        <property name="dao_tsi"    ref="tsibank2Dao"/>
        <property name="dpse"       ref="dpse"/>
    </bean>

    <bean id = "dplt" class="com.sofin.sibank.cics.Dplt">
        <property name="wait"        value="300" />
        <property name="autorizador" ref="sfb"/>
        <property name="db"          ref="tsibankDB"/>
        <property name="dpse"        ref="dpse"/>
        <property name="dpir"        ref="dpir"/>
    </bean>

    <bean id = "dpse" class="com.sofin.sibank.cics.Dpse">
        <!-- CONFIGURABLE -->
        <property name="address"  value="127.0.0.1" />
        <property name="port"  value="1655" />
        <!-- NO CONFIGURABLE -->
        <property name="tsibankDB" ref="tsibankDB"/>
        <property name="logDao"    ref="logDao"/>
    </bean>


<!-- AUTORIZADORES -->
    <bean id = "baseSfb"  abstract="true" class="com.sofin.sibank.auth.Sfb">
        <property name="causalFile" value="ibcausal.txt" />
        <property name="timeout"  value="60000" />   <!-- HACK: 60000 -->
        <property name="msgerrDao" ref="msgerrDao"/>
        <property name="tsibank2Dao" ref="tsibank2Dao"/>
        <property name="trackingDao" ref="trackingDao"/>
    </bean>
    
    <bean id = "sfbQA"  parent="baseSfb">
        <property name="address"  value="10.201.9.50" />
        <property name="port"     value="5160" />
        <property name="username" value="sinterb" />
        <property name="password" value="nbersa01" />        
    </bean>    
    
    <bean id = "sfbPROD"  parent="baseSfb">
        <property name="address"  value="129.100.92.248" />
        <property name="port"     value="5760" />
        <property name="username" value="sinterb" />
        <property name="password" value="nbersa01" />        
    </bean>               

    <bean id = "sibiiDpre" class = "com.sofin.sibank.auth.SIBII">
        <!-- CONFIGURABLE -->
        <property name="address"  value="192.168.82.22" />
        <property name="port"     value="6671" />
        <property name="timeout"  value="10000" />
        <!-- NO CONFIGURABLE -->
        <property name="service"  value="DPRE" />
    </bean>

    <bean id = "sibiiDpex" class = "com.sofin.sibank.auth.SIBII">
        <!-- CONFIGURABLE -->
        <property name="address"  value="192.168.82.22" />
        <property name="port"     value="6670" />
        <property name="timeout"  value="10000" />
        <!-- NO CONFIGURABLE -->
        <property name="service"  value="DPEX" />
    </bean>

    <bean id = "sibiiDplt" class = "com.sofin.sibank.auth.SIBII">
        <!-- CONFIGURABLE -->
        <property name="address"  value="192.168.82.22" />
        <property name="port"     value="6669" />
        <property name="timeout"  value="10000" />
        <!-- NO CONFIGURABLE -->
        <property name="service"  value="DPLT" />
    </bean>

</beans>